{"K=8": 0.7950361967086792, "K=16": 0.7884442806243896, "K=32": 0.7876699566841125, "K=64": 0.7859277725219727, "K=128": 0.7858090996742249, "K=256": 0.785660445690155, "K=512": 0.7862198948860168}
{"reg=1e-05": 0.7887300252914429, "reg=0.0001": 0.7880250215530396, "reg=0.001": 0.790073573589325, "reg=0.01": 0.7954310178756714, "reg=0.1": 0.8019433617591858}
{"embed_dim=8": 0.8144842386245728, "embed_dim=16": 0.8047572374343872, "embed_dim=32": 0.7990309000015259, "embed_dim=64": 0.8006099462509155, "embed_dim=128": 0.8082517385482788, "embed_dim=256": 0.8595657348632812}
